username,RETWEETav,REPLYav,LIKEav,QUOTEav,followers,growth
JesseLingard,4826.583333333333,659.7833333333333,58603.183333333334,350.9166666666667,2764525.0,0
